{"name":"timothyrenner_bfro-sightings-data","title":"Bigfoot Sightings","description":"Full text and geocoded sighting reports from the Bigfoot Field Researchers Organization (BFRO).\n\n---\n{\"editor\":\"markdown\"}\n---\n# About\n\nThe Bigfoot Field Researchers Organization (BFRO) - [www.bfro.net](www.bfro.net) - is an organization dedicated to investigating the bigfoot / sasquatch mystery.\nThis dataset contains sighting data publicly available on the BFRO website in a more digestible form.\n\n![I want to believe](https://upload.wikimedia.org/wikipedia/en/9/99/Patterson%E2%80%93Gimlin_film_frame_352.jpg)\n\nThere are three files:\n\n1. `bfro_report_locations.csv` - tabular geocoded reports\n2. `bfro_reports.json` -  full text reports in line-delimited JSON.\n3. `bfro_reports_geocoded.csv` - combined and cleaned version of the report locations and full text reports.\n\nSee the changelog below for the collection times.\n\n# Reports\n\nThe most useful file in the dataset is probably `bfro_reports_geocoded.csv`.\nIt contains the most relevant fields in the full reports joined against the report locations, and also now contains the weather conditions the day of the sighting.\nThe weather conditions were obtained using the [Dark Sky API](https://darksky.net/dev/docs/terms).\nThere's also a little data cleaning applied to this dataset around the timestamps and lat/lon values.\nNot all of the full text reports have a corresponding geocoded report - in that case the geo information is null.\n\nEach geocoded report obviously contains a latitude and longitude value.\nIt also contains a report title, report number, and report classification.\nReport classifications are explained on the BFRO website [here](http://www.bfro.net/GDB/classify.asp), but basically the classification determines the nature of the incident - direct sighting, noises, tracks, etc.\nThere are also timestamps.\nAside from the titles, the data in this file is structured.\n\nThe full text reports contain a variety of information about the sighting such as the nearest town, other witnesses, environmental conditions, and a full, multi-paragraph description of the incident.\nNot all fields are present in all reports, which is why I chose line delimited JSON.\nThe data in this file is unstructured for the most part.\n\n# Code\n\nThe geocoded reports were pulled from a KML file available for download on the BFRO website [here](http://www.bfro.net/news/google_earth.asp).\nThe full text JSON reports were scraped from the site.\nThe weather conditions are [powered by Visual Crossing](https://www.visualcrossing.com/resources/blog/how-to-replace-the-dark-sky-api-using-the-visual-crossing-timeline-weather-api/).\nPreviously the weather conditions were pulled via Dark Sky, but that API has been shut down.\nFor consistency, I decided to repull all weather conditions for all reports from Visual Crossing.\n\nThe code for pulling the data can be found here: [https://github.com/timothyrenner/bfro_sightings_data](https://github.com/timothyrenner/bfro_sightings_data).\n\nI wrote a blog post with a geospatial analysis: [Finding Bigfoot](https://timothyrenner.github.io/datascience/2017/06/30/finding-bigfoot.html).\n\n# Changelog\n\n* **3/19/23** Refreshed the dataset. Migrated weather data from the now-defunct Dark Sky API to Visual Crossing.\n* **12/28/21** Refreshed the dataset.\n* **6/2/21** Refreshed the dataset.\n* **4/18/19** Refreshed the dataset, added a `season` column to `bfro_reports_geocoded.csv`.\n* **12/2/17** Added the weather conditions to `bfro_reports_geocoded.csv`.\n* **10/25/17**  Refreshed the dataset, added `bfro_reports_geocoded.csv` file.","homepage":"https://data.world/timothyrenner/bfro-sightings-data","license":"Public Domain","resources":[{"name":"bfro_locations","schema":{"fields":[{"name":"number","title":"number","type":"integer","rdfType":"http://www.w3.org/2001/XMLSchema#integer","dwSourceId":"number"},{"name":"title","title":"title","type":"string","rdfType":"http://www.w3.org/2001/XMLSchema#string","dwSourceId":"title"},{"name":"classification","title":"classification","type":"string","rdfType":"http://www.w3.org/2001/XMLSchema#string","dwSourceId":"classification"},{"name":"timestamp","title":"timestamp","type":"datetime","rdfType":"http://www.w3.org/2001/XMLSchema#dateTimeStamp","dwSourceId":"timestamp"},{"name":"latitude","title":"latitude","type":"number","rdfType":"http://www.w3.org/2001/XMLSchema#decimal","dwSourceId":"latitude"},{"name":"longitude","title":"longitude","type":"number","rdfType":"http://www.w3.org/2001/XMLSchema#decimal","dwSourceId":"longitude"}]},"path":"data/bfro_locations.csv","format":"csv"},{"name":"bfro_reports","schema":{"fields":[{"name":"year","title":"YEAR","description":"The year of the sighting in no particular format.","type":"string","rdfType":"http://www.w3.org/2001/XMLSchema#string","dwSourceId":"year"},{"name":"season","title":"SEASON","description":"The season of the sighting.","type":"string","rdfType":"http://www.w3.org/2001/XMLSchema#string","dwSourceId":"season"},{"name":"month","title":"MONTH","description":"The month of the sighting.","type":"string","rdfType":"http://www.w3.org/2001/XMLSchema#string","dwSourceId":"month"},{"name":"date","title":"DATE","description":"The actual day of the sighting, in no particular format.","type":"string","rdfType":"http://www.w3.org/2001/XMLSchema#string","dwSourceId":"date"},{"name":"state","title":"STATE","description":"The state or province of the sighting.","type":"string","rdfType":"http://www.w3.org/2001/XMLSchema#string","dwSourceId":"state"},{"name":"county","title":"COUNTY","description":"The county of the sighting.","type":"string","rdfType":"http://www.w3.org/2001/XMLSchema#string","dwSourceId":"county"},{"name":"location_details","title":"LOCATION_DETAILS","description":"A detailed description of the location.","type":"string","rdfType":"http://www.w3.org/2001/XMLSchema#string","dwSourceId":"location_details"},{"name":"nearest_town","title":"NEAREST_TOWN","description":"A description of the nearest town.","type":"string","rdfType":"http://www.w3.org/2001/XMLSchema#string","dwSourceId":"nearest_town"},{"name":"nearest_road","title":"NEAREST_ROAD","description":"A description of the nearest road to the sighting.","type":"string","rdfType":"http://www.w3.org/2001/XMLSchema#string","dwSourceId":"nearest_road"},{"name":"observed","title":"OBSERVED","description":"A detailed description of the incident.","type":"string","rdfType":"http://www.w3.org/2001/XMLSchema#string","dwSourceId":"observed"},{"name":"also_noticed","title":"ALSO_NOTICED","description":"Other interesting things the witness noticed.","type":"string","rdfType":"http://www.w3.org/2001/XMLSchema#string","dwSourceId":"also_noticed"},{"name":"other_witnesses","title":"OTHER_WITNESSES","description":"A description of other witnesses present.","type":"string","rdfType":"http://www.w3.org/2001/XMLSchema#string","dwSourceId":"other_witnesses"},{"name":"other_stories","title":"OTHER_STORIES","description":"A description of other stories from the area.","type":"string","rdfType":"http://www.w3.org/2001/XMLSchema#string","dwSourceId":"other_stories"},{"name":"time_and_conditions","title":"TIME_AND_CONDITIONS","description":"The conditions and time of the sighting.","type":"string","rdfType":"http://www.w3.org/2001/XMLSchema#string","dwSourceId":"time_and_conditions"},{"name":"environment","title":"ENVIRONMENT","description":"A description of the environment for the sighting.","type":"string","rdfType":"http://www.w3.org/2001/XMLSchema#string","dwSourceId":"environment"},{"name":"report_number","title":"REPORT_NUMBER","description":"The report number. Join key for the geocoded dataset.","type":"integer","rdfType":"http://www.w3.org/2001/XMLSchema#integer","dwSourceId":"report_number"},{"name":"report_class","title":"REPORT_CLASS","description":"The report class.","type":"string","rdfType":"http://www.w3.org/2001/XMLSchema#string","dwSourceId":"report_class"},{"name":"a_g_references","title":"A_&_G_References","description":"Press references to the sighting.","type":"string","rdfType":"http://www.w3.org/2001/XMLSchema#string","dwSourceId":"a_g_references"}]},"path":"data/bfro_reports.csv","format":"csv"},{"name":"bfro_reports_geocoded","schema":{"fields":[{"name":"observed","title":"observed","description":"Full text description of the sighting.","type":"string","rdfType":"http://www.w3.org/2001/XMLSchema#string","dwSourceId":"observed"},{"name":"location_details","title":"location_details","description":"Details about the location of the sighting.","type":"string","rdfType":"http://www.w3.org/2001/XMLSchema#string","dwSourceId":"location_details"},{"name":"county","title":"county","description":"The county in which the sighting occurred.","type":"string","rdfType":"http://www.w3.org/2001/XMLSchema#string","dwSourceId":"county"},{"name":"state","title":"state","description":"The state in which the sighting occurred.","type":"string","rdfType":"http://www.w3.org/2001/XMLSchema#string","dwSourceId":"state"},{"name":"season","title":"season","description":"The season of the sighting.","type":"string","rdfType":"http://www.w3.org/2001/XMLSchema#string","dwSourceId":"season"},{"name":"title","title":"title","description":"The title of the sighting.","type":"string","rdfType":"http://www.w3.org/2001/XMLSchema#string","dwSourceId":"title"},{"name":"latitude","title":"latitude","description":"The latitude of the sighting.","type":"number","rdfType":"http://www.w3.org/2001/XMLSchema#decimal","dwSourceId":"latitude"},{"name":"longitude","title":"longitude","description":"The longitude of the sighting.","type":"number","rdfType":"http://www.w3.org/2001/XMLSchema#decimal","dwSourceId":"longitude"},{"name":"date","title":"date","description":"The date of the sighting.","type":"date","rdfType":"http://www.w3.org/2001/XMLSchema#date","dwSourceId":"date"},{"name":"number","title":"number","description":"The report number.","type":"number","rdfType":"http://www.w3.org/2001/XMLSchema#decimal","dwSourceId":"number"},{"name":"classification","title":"classification","description":"The report classification (Class A, Class B or Class C).","type":"string","rdfType":"http://www.w3.org/2001/XMLSchema#string","dwSourceId":"classification"},{"name":"geohash","title":"geohash","description":"A geohash of the sighting location.","type":"string","rdfType":"http://www.w3.org/2001/XMLSchema#string","dwSourceId":"geohash"},{"name":"temperature_high","title":"temperature_high","description":"The high temperature the day of the sighting in degrees Fahrenheit.","type":"number","rdfType":"http://www.w3.org/2001/XMLSchema#decimal","dwSourceId":"temperature_high"},{"name":"temperature_mid","title":"temperature_mid","description":"The midpoint between high and low temperatures the day of the sighting in degrees Fahrenheit.","type":"number","rdfType":"http://www.w3.org/2001/XMLSchema#decimal","dwSourceId":"temperature_mid"},{"name":"temperature_low","title":"temperature_low","description":"The low temperature the day of the sighting in degrees Fahrenheit.","type":"number","rdfType":"http://www.w3.org/2001/XMLSchema#decimal","dwSourceId":"temperature_low"},{"name":"dew_point","title":"dew_point","description":"The dew point the day of the sighting in Fahrenheit.","type":"number","rdfType":"http://www.w3.org/2001/XMLSchema#decimal","dwSourceId":"dew_point"},{"name":"humidity","title":"humidity","description":"The relative humidity the day of the sighting.","type":"number","rdfType":"http://www.w3.org/2001/XMLSchema#decimal","dwSourceId":"humidity"},{"name":"cloud_cover","title":"cloud_cover","description":"The cloud cover the day of the sighting as a percentage of the visible sky.","type":"number","rdfType":"http://www.w3.org/2001/XMLSchema#decimal","dwSourceId":"cloud_cover"},{"name":"moon_phase","title":"moon_phase","description":"The fractional part of the lunar number - 0 is new moon, 0.5 is full moon.","type":"number","rdfType":"http://www.w3.org/2001/XMLSchema#decimal","dwSourceId":"moon_phase"},{"name":"precip_intensity","title":"precip_intensity","description":"The precipitation intensity in inches per hour.","type":"number","rdfType":"http://www.w3.org/2001/XMLSchema#decimal","dwSourceId":"precip_intensity"},{"name":"precip_probability","title":"precip_probability","description":"The probability of precipitation the day of the sighting.","type":"number","rdfType":"http://www.w3.org/2001/XMLSchema#decimal","dwSourceId":"precip_probability"},{"name":"precip_type","title":"precip_type","description":"The type of precipitation the day of the sighting.","type":"string","rdfType":"http://www.w3.org/2001/XMLSchema#string","dwSourceId":"precip_type"},{"name":"pressure","title":"pressure","description":"The pressure the day of the sighting.","type":"number","rdfType":"http://www.w3.org/2001/XMLSchema#decimal","dwSourceId":"pressure"},{"name":"summary","title":"summary","description":"A human readable summary of the weather conditions the day of the sighting.","type":"string","rdfType":"http://www.w3.org/2001/XMLSchema#string","dwSourceId":"summary"},{"name":"conditions","title":"conditions","type":"string","rdfType":"http://www.w3.org/2001/XMLSchema#string","dwSourceId":"conditions"},{"name":"uv_index","title":"uv_index","description":"The UV index the day of the sighting.","type":"number","rdfType":"http://www.w3.org/2001/XMLSchema#decimal","dwSourceId":"uv_index"},{"name":"visibility","title":"visibility","description":"The visibility the day of the sighting, in miles. Capped at 10.","type":"number","rdfType":"http://www.w3.org/2001/XMLSchema#decimal","dwSourceId":"visibility"},{"name":"wind_bearing","title":"wind_bearing","description":"The direction the wind was coming from the day of the sighting.","type":"number","rdfType":"http://www.w3.org/2001/XMLSchema#decimal","dwSourceId":"wind_bearing"},{"name":"wind_speed","title":"wind_speed","description":"The wind speed the day of the sighting in miles per hour.","type":"number","rdfType":"http://www.w3.org/2001/XMLSchema#decimal","dwSourceId":"wind_speed"},{"name":"location","title":" Location","description":"The location of the sighting in WKT format.","type":"string","rdfType":"http://www.opengis.net/ont/OGC-GeoSPARQL/1.0/Point","dwSourceId":"location"}]},"path":"data/bfro_reports_geocoded.csv","format":"csv"},{"name":"original/bfro_locations.csv","path":"original/bfro_locations.csv","format":"csv","mediatype":"text/csv","bytes":582862},{"name":"original/bfro_reports.json","description":"Full text reports as scraped from the site.","path":"original/bfro_reports.json","format":"json","mediatype":"application/json","bytes":14474654,"keywords":["raw data"]},{"name":"original/bfro_reports_geocoded.csv","description":"The full text reports joined with the geocoded reports and weather conditions. It has been cleaned for invalid timestamps and lat/lon values.","path":"original/bfro_reports_geocoded.csv","format":"csv","mediatype":"text/csv","bytes":11529076,"keywords":["clean data"]}],"keywords":["geography","sasquatch","paranormal","cryptid"]}